{"tiling":{"x":8.945697784423829,"y":8.945697784423829,"z":0.0,"w":0.0},"mainGridColor":{"r":0.3806398808956146,"g":2.0762174129486086,"b":4.20434045791626,"a":4.411962032318115},"secondaryGridColor":{"r":0.0,"g":0.0,"b":0.0,"a":0.0},"verticalScanTilingFactor":-2.6572751998901369,"scanlineEffectOpacity":0.7784918546676636,"scanlineSpeed":0.5013318657875061,"overallAlpha":0.6494802236557007,"mainGridRotationSpeed":0.0,"secondaryGridRotationSpeed":0.0,"secondaryGridXMoveFactor":3.7696666717529299,"secondaryGridYMoveFactor":2.172560691833496,"invertMainGridColor":false,"invertSecondaryGridColor":false,"mainGridUseGradientNoise":true,"secondaryGridUseSimpleNoise":false,"mainGridDistortionNoiseScale":29.83260154724121,"secondaryGridDistortionNoiseScale":34.18818664550781,"mainGridColorIntensity":0.0,"secondaryGridColorIntensity":0.0,"mainGridTextureName":"wireframe-lines","secondaryGridTextureName":"wireframe-dot","scanlineTextureName":"scanline-ramp-64x256-even-wider"}