{"tiling":{"x":28.797571182250978,"y":28.797571182250978,"z":0.0,"w":0.0},"mainGridColor":{"r":0.07510947436094284,"g":2.078028678894043,"b":3.1420795917510988,"a":3.192152500152588},"secondaryGridColor":{"r":0.3891645073890686,"g":0.11974293738603592,"b":3.6820950508117677,"a":3.816805839538574},"verticalScanTilingFactor":-1.1690702438354493,"scanlineEffectOpacity":0.8692522644996643,"scanlineSpeed":0.16490256786346436,"overallAlpha":0.3733746111392975,"mainGridRotationSpeed":0.0,"secondaryGridRotationSpeed":0.0,"secondaryGridXMoveFactor":5.052111625671387,"secondaryGridYMoveFactor":5.641439437866211,"invertMainGridColor":true,"invertSecondaryGridColor":false,"mainGridUseGradientNoise":false,"secondaryGridUseSimpleNoise":true,"mainGridDistortionNoiseScale":21.006717681884767,"secondaryGridDistortionNoiseScale":16.585121154785158,"mainGridColorIntensity":0.0,"secondaryGridColorIntensity":0.0,"mainGridTextureName":"wireframe-lines","secondaryGridTextureName":"wireframe-lines","scanlineTextureName":"scanline-ramp-64x256-wider"}