{"tiling":{"x":30.284772872924806,"y":30.284772872924806,"z":0.0,"w":0.0},"mainGridColor":{"r":4.870936870574951,"g":3.247291326522827,"b":0.019329115748405458,"a":4.928924083709717},"secondaryGridColor":{"r":2.332213878631592,"g":2.1138789653778078,"b":0.03969725966453552,"a":2.530700206756592},"verticalScanTilingFactor":2.564663887023926,"scanlineEffectOpacity":0.6014143228530884,"scanlineSpeed":0.3354281783103943,"overallAlpha":0.362216055393219,"mainGridRotationSpeed":0.0,"secondaryGridRotationSpeed":0.0,"secondaryGridXMoveFactor":6.641412734985352,"secondaryGridYMoveFactor":2.335110902786255,"invertMainGridColor":false,"invertSecondaryGridColor":false,"mainGridDistortionNoiseScale":26.566194534301759,"secondaryGridDistortionNoiseScale":65.75257873535156,"mainGridColorIntensity":4.928924083709717,"secondaryGridColorIntensity":2.530700206756592,"mainGridTextureName":"wireframe-lines","secondaryGridTextureName":"wireframe-lines","scanlineTextureName":"scanline-ramp-64x256-wider"}