{"tiling":{"x":3.0,"y":3.0,"z":0.0,"w":0.0},"mainGridColor":{"r":2.6082377433776857,"g":0.6964403986930847,"b":2.553614854812622,"a":1.0},"secondaryGridColor":{"r":2.2878739833831789,"g":1.8696894645690919,"b":0.615135908126831,"a":1.0},"verticalScanTilingFactor":17.0,"scanlineEffectOpacity":0.8999999761581421,"scanlineSpeed":1.1200000047683716,"overallAlpha":1.0,"mainGridRotationSpeed":0.0,"secondaryGridRotationSpeed":0.25,"secondaryGridXMoveFactor":0.20000000298023225,"secondaryGridYMoveFactor":0.20000000298023225,"invertMainGridColor":false,"invertSecondaryGridColor":false,"mainGridDistortionNoiseScale":150.0,"secondaryGridDistortionNoiseScale":0.8999999761581421,"mainGridColorIntensity":0.0,"secondaryGridColorIntensity":0.0,"mainGridTextureName":"grid-hex-256x205","secondaryGridTextureName":"wireframe-lines","scanlineTextureName":"scanline-ramp-64x256-wider"}