{"tiling":{"x":33.7702522277832,"y":33.7702522277832,"z":0.0,"w":0.0},"mainGridColor":{"r":2.4933273792266847,"g":3.4682822227478029,"b":0.12786294519901277,"a":4.075631141662598},"secondaryGridColor":{"r":0.5943986773490906,"g":2.2706029415130617,"b":2.068507432937622,"a":1.0},"verticalScanTilingFactor":-4.099999904632568,"scanlineEffectOpacity":0.46371349692344668,"scanlineSpeed":0.8600000143051148,"overallAlpha":0.8029496669769287,"mainGridRotationSpeed":0.0,"secondaryGridRotationSpeed":0.05000000074505806,"secondaryGridXMoveFactor":1.7540276050567628,"secondaryGridYMoveFactor":2.6601057052612306,"invertMainGridColor":false,"invertSecondaryGridColor":false,"mainGridDistortionNoiseScale":123.41999816894531,"secondaryGridDistortionNoiseScale":53.32451629638672,"mainGridColorIntensity":0.0,"secondaryGridColorIntensity":0.0,"mainGridTextureName":"wireframe-dot","secondaryGridTextureName":"wireframe-lines","scanlineTextureName":"scanline-ramp-64x256-even-wider"}