{"tiling":{"x":12.803443908691407,"y":12.803443908691407,"z":0.0,"w":0.0},"mainGridColor":{"r":0.1878579556941986,"g":2.1432883739471437,"b":1.7077995538711548,"a":2.1774444580078127},"secondaryGridColor":{"r":0.39088398218154909,"g":4.634767055511475,"b":0.2233622670173645,"a":4.746448040008545},"verticalScanTilingFactor":160.70181274414063,"scanlineEffectOpacity":0.5920193195343018,"scanlineSpeed":0.05877494812011719,"overallAlpha":0.5421653985977173,"mainGridRotationSpeed":0.27581071853637698,"secondaryGridRotationSpeed":0.0,"secondaryGridXMoveFactor":4.079613208770752,"secondaryGridYMoveFactor":3.1641836166381838,"invertMainGridColor":false,"invertSecondaryGridColor":false,"mainGridDistortionNoiseScale":38.82295227050781,"secondaryGridDistortionNoiseScale":37.22267150878906,"mainGridColorIntensity":2.1774444580078127,"secondaryGridColorIntensity":4.746448040008545,"mainGridTextureName":"grid-octa-256x256","secondaryGridTextureName":"grid-hex-256x205","scanlineTextureName":"scanline-ramp-64x256-even-wider"}