{"tiling":{"x":11.818639755249024,"y":11.818639755249024,"z":0.0,"w":0.0},"mainGridColor":{"r":0.3892658054828644,"g":1.5570632219314576,"b":4.122678756713867,"a":4.51194429397583},"secondaryGridColor":{"r":2.7154979705810549,"g":0.8684700727462769,"b":0.13455170392990113,"a":3.1191530227661135},"verticalScanTilingFactor":0.4979548454284668,"scanlineEffectOpacity":0.3632299602031708,"scanlineSpeed":0.020907878875732423,"overallAlpha":0.8254667520523071,"mainGridRotationSpeed":0.0,"secondaryGridRotationSpeed":0.0,"secondaryGridXMoveFactor":9.444496154785157,"secondaryGridYMoveFactor":6.2545037269592289,"invertMainGridColor":false,"invertSecondaryGridColor":false,"mainGridDistortionNoiseScale":48.289039611816409,"secondaryGridDistortionNoiseScale":33.46148681640625,"mainGridColorIntensity":4.51194429397583,"secondaryGridColorIntensity":3.1191530227661135,"mainGridTextureName":"grid-hex-256x205","secondaryGridTextureName":"wireframe-lines","scanlineTextureName":"scanline-ramp-64x256-wider"}