{"tiling":{"x":1.0,"y":33.71809387207031,"z":0.0,"w":0.0},"mainGridColor":{"r":4.5748515129089359,"g":0.4790419340133667,"b":0.9034909009933472,"a":4.840610980987549},"secondaryGridColor":{"r":3.1281628608703615,"g":3.858067274093628,"b":0.29543760418891909,"a":4.431563854217529},"verticalScanTilingFactor":1.0056428909301758,"scanlineEffectOpacity":0.5183497667312622,"scanlineSpeed":0.669922947883606,"overallAlpha":0.7284697890281677,"mainGridRotationSpeed":0.0,"secondaryGridRotationSpeed":0.0,"secondaryGridXMoveFactor":0.0,"secondaryGridYMoveFactor":9.035615921020508,"invertMainGridColor":false,"invertSecondaryGridColor":false,"mainGridDistortionNoiseScale":90.51866149902344,"secondaryGridDistortionNoiseScale":92.97227478027344,"mainGridColorIntensity":0.0,"secondaryGridColorIntensity":0.0,"mainGridTextureName":"wireframe-lines","secondaryGridTextureName":"wireframe-lines","scanlineTextureName":"scanline-ramp-64x256-even-wider"}