{"tiling":{"x":31.888532638549806,"y":31.888532638549806,"z":0.0,"w":0.0},"mainGridColor":{"r":0.07093072682619095,"g":4.504100799560547,"b":3.3514766693115236,"a":4.521833419799805},"secondaryGridColor":{"r":1.5930849313735963,"g":3.2006523609161379,"b":0.0289651807397604,"a":3.6930603981018068},"verticalScanTilingFactor":-2.060032844543457,"scanlineEffectOpacity":0.8510470390319824,"scanlineSpeed":0.21823036670684815,"overallAlpha":0.8633319735527039,"mainGridRotationSpeed":0.16480621695518495,"secondaryGridRotationSpeed":0.299969881772995,"secondaryGridXMoveFactor":2.4486005306243898,"secondaryGridYMoveFactor":0.6844031810760498,"invertMainGridColor":false,"invertSecondaryGridColor":false,"mainGridDistortionNoiseScale":87.77290344238281,"secondaryGridDistortionNoiseScale":47.16791534423828,"mainGridColorIntensity":4.521833419799805,"secondaryGridColorIntensity":3.6930603981018068,"mainGridTextureName":"grid-hex-256x205","secondaryGridTextureName":"wireframe-dot","scanlineTextureName":"scanline-ramp-64x256-wider"}