{"tiling":{"x":15.015872955322266,"y":15.015872955322266,"z":0.0,"w":0.0},"mainGridColor":{"r":3.850423812866211,"g":1.9741580486297608,"b":0.37525317072868349,"a":4.1604156494140629},"secondaryGridColor":{"r":0.13930466771125794,"g":3.106494188308716,"b":2.1731529235839845,"a":3.5522689819335939},"verticalScanTilingFactor":-2.958799362182617,"scanlineEffectOpacity":0.649161159992218,"scanlineSpeed":0.2874181866645813,"overallAlpha":0.5244160890579224,"mainGridRotationSpeed":0.0,"secondaryGridRotationSpeed":0.0,"secondaryGridXMoveFactor":7.785899639129639,"secondaryGridYMoveFactor":2.3668265342712404,"invertMainGridColor":true,"invertSecondaryGridColor":true,"mainGridDistortionNoiseScale":68.41757202148438,"secondaryGridDistortionNoiseScale":42.65202331542969,"mainGridColorIntensity":4.1604156494140629,"secondaryGridColorIntensity":3.5522689819335939,"mainGridTextureName":"wireframe-lines","secondaryGridTextureName":"grid-octa-256x256","scanlineTextureName":"scanline-ramp-64x256"}