{"tiling":{"x":8.550700187683106,"y":8.550700187683106,"z":0.0,"w":0.0},"mainGridColor":{"r":0.12976163625717164,"g":1.9834991693496705,"b":2.2059476375579836,"a":2.3635153770446779},"secondaryGridColor":{"r":0.3370537757873535,"g":0.4815053939819336,"b":3.0334839820861818,"a":3.069596767425537},"verticalScanTilingFactor":-1.0881438255310059,"scanlineEffectOpacity":0.7076767086982727,"scanlineSpeed":0.2092500925064087,"overallAlpha":0.6340693235397339,"mainGridRotationSpeed":0.0,"secondaryGridRotationSpeed":0.0,"secondaryGridXMoveFactor":6.816089153289795,"secondaryGridYMoveFactor":1.9153046607971192,"invertMainGridColor":false,"invertSecondaryGridColor":false,"mainGridDistortionNoiseScale":13.543121337890625,"secondaryGridDistortionNoiseScale":44.82640075683594,"mainGridColorIntensity":2.3635153770446779,"secondaryGridColorIntensity":3.069596767425537,"mainGridTextureName":"grid-hex-256x205","secondaryGridTextureName":"grid-hex-256x205","scanlineTextureName":"scanline-ramp-64x256-even-wider"}