{"tiling":{"x":15.751304626464844,"y":15.751304626464844,"z":0.0,"w":0.0},"mainGridColor":{"r":1.358696699142456,"g":3.360217571258545,"b":0.3068024814128876,"a":3.7254586219787599},"secondaryGridColor":{"r":0.10975049436092377,"g":3.8412673473358156,"b":2.100938081741333,"a":3.998053789138794},"verticalScanTilingFactor":1.3433202505111695,"scanlineEffectOpacity":0.8472045063972473,"scanlineSpeed":0.5007405877113342,"overallAlpha":0.9665704965591431,"mainGridRotationSpeed":0.0,"secondaryGridRotationSpeed":0.0,"secondaryGridXMoveFactor":7.703081130981445,"secondaryGridYMoveFactor":9.632292747497559,"invertMainGridColor":false,"invertSecondaryGridColor":false,"mainGridDistortionNoiseScale":10.838218688964844,"secondaryGridDistortionNoiseScale":5.206306457519531,"mainGridColorIntensity":3.7254586219787599,"secondaryGridColorIntensity":3.998053789138794,"mainGridTextureName":"grid-hex-256x205","secondaryGridTextureName":"grid-octa-256x256","scanlineTextureName":"scanline-ramp-64x256-even-wider"}