{"tiling":{"x":13.955185890197754,"y":13.955185890197754,"z":0.0,"w":0.0},"mainGridColor":{"r":0.3989350199699402,"g":0.7978700399398804,"b":3.1364545822143556,"a":3.5078768730163576},"secondaryGridColor":{"r":0.555343747138977,"g":4.22777795791626,"b":3.5828628540039064,"a":4.568150043487549},"verticalScanTilingFactor":-0.9968070983886719,"scanlineEffectOpacity":0.6525856852531433,"scanlineSpeed":0.8203675746917725,"overallAlpha":0.9749295115470886,"mainGridRotationSpeed":0.13244757056236268,"secondaryGridRotationSpeed":0.433906614780426,"secondaryGridXMoveFactor":4.858095169067383,"secondaryGridYMoveFactor":3.5607810020446779,"invertMainGridColor":true,"invertSecondaryGridColor":false,"mainGridDistortionNoiseScale":10.320762634277344,"secondaryGridDistortionNoiseScale":79.084228515625,"mainGridColorIntensity":3.5078768730163576,"secondaryGridColorIntensity":4.568150043487549,"mainGridTextureName":"wireframe-dot","secondaryGridTextureName":"grid-hex-256x205","scanlineTextureName":"scanline-ramp-64x256-wider"}