{"tiling":{"x":16.56910514831543,"y":16.56910514831543,"z":0.0,"w":0.0},"mainGridColor":{"r":0.6062866449356079,"g":2.2706029415130617,"b":1.2617571353912354,"a":1.0},"secondaryGridColor":{"r":3.227837085723877,"g":0.11055982857942581,"b":4.223386764526367,"a":4.37790060043335},"verticalScanTilingFactor":136.0,"scanlineEffectOpacity":0.9800000190734863,"scanlineSpeed":0.47999998927116396,"overallAlpha":0.9724476933479309,"mainGridRotationSpeed":0.0,"secondaryGridRotationSpeed":0.0,"secondaryGridXMoveFactor":2.299999952316284,"secondaryGridYMoveFactor":0.0,"invertMainGridColor":false,"invertSecondaryGridColor":false,"mainGridDistortionNoiseScale":30.0,"secondaryGridDistortionNoiseScale":28.0,"mainGridColorIntensity":0.0,"secondaryGridColorIntensity":0.0,"mainGridTextureName":"grid-hex-256x205","secondaryGridTextureName":"grid-hex-256x205","scanlineTextureName":"scanline-ramp-64x256-even-wider"}