{"tiling":{"x":13.200472831726075,"y":13.200472831726075,"z":0.0,"w":0.0},"mainGridColor":{"r":1.8386441469192505,"g":0.4067796766757965,"b":0.14644068479537965,"a":2.0745763778686525},"secondaryGridColor":{"r":0.2787797749042511,"g":1.9340345859527588,"b":1.8643395900726319,"a":2.2215261459350588},"verticalScanTilingFactor":1.0,"scanlineEffectOpacity":0.7,"scanlineSpeed":0.5,"overallAlpha":0.9211048483848572,"mainGridRotationSpeed":0.0,"secondaryGridRotationSpeed":0.0,"secondaryGridXMoveFactor":5.356703281402588,"secondaryGridYMoveFactor":0.0,"invertMainGridColor":true,"invertSecondaryGridColor":false,"mainGridDistortionNoiseScale":72.80979919433594,"secondaryGridDistortionNoiseScale":31.230566024780275,"mainGridColorIntensity":2.0745763778686525,"secondaryGridColorIntensity":2.2215261459350588,"mainGridTextureName":"grid-octa-256x256","secondaryGridTextureName":"wireframe-dot","scanlineTextureName":"scanline-ramp-64x256-even-wider"}