{"tiling":{"x":32.0,"y":32.0,"z":0.0,"w":0.0},"mainGridColor":{"r":1.2870526313781739,"g":1.957025170326233,"b":0.04407714679837227,"a":2.247934341430664},"secondaryGridColor":{"r":0.7429983019828796,"g":1.1353014707565308,"b":0.08321581035852432,"a":3.106686592102051},"verticalScanTilingFactor":35.25,"scanlineEffectOpacity":0.8999999761581421,"scanlineSpeed":0.4000000059604645,"overallAlpha":0.8358184099197388,"mainGridRotationSpeed":0.0,"secondaryGridRotationSpeed":0.0,"secondaryGridXMoveFactor":0.3980398178100586,"secondaryGridYMoveFactor":2.0,"invertMainGridColor":false,"invertSecondaryGridColor":true,"mainGridDistortionNoiseScale":4.0,"secondaryGridDistortionNoiseScale":57.62232208251953,"mainGridColorIntensity":0.0,"secondaryGridColorIntensity":0.0,"mainGridTextureName":"wireframe-lines","secondaryGridTextureName":"wireframe-lines","scanlineTextureName":"scanline-ramp-64x256-wider"}