{"tiling":{"x":29.068565368652345,"y":29.068565368652345,"z":0.0,"w":0.0},"mainGridColor":{"r":4.330208778381348,"g":2.08424973487854,"b":0.4671594500541687,"a":4.581756114959717},"secondaryGridColor":{"r":0.13406725227832795,"g":3.2444276809692385,"b":2.2523300647735597,"a":3.418715000152588},"verticalScanTilingFactor":25.872705459594728,"scanlineEffectOpacity":0.49091482162475588,"scanlineSpeed":4.519230842590332,"overallAlpha":0.9462452530860901,"mainGridRotationSpeed":0.028190314769744874,"secondaryGridRotationSpeed":0.0,"secondaryGridXMoveFactor":1.6340339183807374,"secondaryGridYMoveFactor":5.22514533996582,"invertMainGridColor":false,"invertSecondaryGridColor":false,"mainGridUseGradientNoise":false,"secondaryGridUseSimpleNoise":true,"mainGridDistortionNoiseScale":92.27125549316406,"secondaryGridDistortionNoiseScale":60.57905960083008,"mainGridColorIntensity":0.0,"secondaryGridColorIntensity":0.0,"mainGridTextureName":"wireframe-lines","secondaryGridTextureName":"grid-hex-256x205","scanlineTextureName":"scanline-ramp-64x256"}