{"tiling":{"x":16.90643882751465,"y":16.90643882751465,"z":0.0,"w":0.0},"mainGridColor":{"r":2.361382246017456,"g":2.594343900680542,"b":0.360031396150589,"a":2.700235366821289},"secondaryGridColor":{"r":0.10863365232944489,"g":3.91081166267395,"b":3.5849106311798097,"a":3.957368850708008},"verticalScanTilingFactor":1.1807003021240235,"scanlineEffectOpacity":0.8105857372283936,"scanlineSpeed":0.4443681836128235,"overallAlpha":0.9632890224456787,"mainGridRotationSpeed":0.4138782024383545,"secondaryGridRotationSpeed":0.03354746103286743,"secondaryGridXMoveFactor":5.285175323486328,"secondaryGridYMoveFactor":8.141410827636719,"invertMainGridColor":false,"invertSecondaryGridColor":false,"mainGridDistortionNoiseScale":18.633899688720704,"secondaryGridDistortionNoiseScale":52.67578887939453,"mainGridColorIntensity":2.700235366821289,"secondaryGridColorIntensity":3.957368850708008,"mainGridTextureName":"wireframe-lines","secondaryGridTextureName":"wireframe-dot","scanlineTextureName":"scanline-ramp-64x256-even-wider"}