{"tiling":{"x":19.40163803100586,"y":19.40163803100586,"z":0.0,"w":0.0},"mainGridColor":{"r":2.2706029415130617,"g":0.6062866449356079,"b":2.2189507484436037,"a":1.0},"secondaryGridColor":{"r":14.928528785705567,"g":0.0,"b":0.17562974989414216,"a":1.0},"verticalScanTilingFactor":8.0,"scanlineEffectOpacity":0.8399999737739563,"scanlineSpeed":0.28078073263168337,"overallAlpha":0.8500000238418579,"mainGridRotationSpeed":0.0,"secondaryGridRotationSpeed":-0.30000001192092898,"secondaryGridXMoveFactor":1.0,"secondaryGridYMoveFactor":0.5,"invertMainGridColor":true,"invertSecondaryGridColor":false,"mainGridDistortionNoiseScale":8.0,"secondaryGridDistortionNoiseScale":5.0,"mainGridColorIntensity":0.0,"secondaryGridColorIntensity":0.0,"mainGridTextureName":"wireframe-lines","secondaryGridTextureName":"wireframe-dot","scanlineTextureName":"scanline-ramp-64x256"}