{"tiling":{"x":5.731548309326172,"y":5.731548309326172,"z":0.0,"w":0.0},"mainGridColor":{"r":1.9081248044967652,"g":2.907618761062622,"b":0.03894132375717163,"a":3.3100123405456545},"secondaryGridColor":{"r":0.09297847002744675,"g":2.1849939823150636,"b":1.1622308492660523,"a":2.370950937271118},"verticalScanTilingFactor":0.4726114273071289,"scanlineEffectOpacity":0.3826944828033447,"scanlineSpeed":0.4159533381462097,"overallAlpha":0.6260384321212769,"mainGridRotationSpeed":0.2020936906337738,"secondaryGridRotationSpeed":0.4979311227798462,"secondaryGridXMoveFactor":7.445113658905029,"secondaryGridYMoveFactor":5.679297924041748,"invertMainGridColor":false,"invertSecondaryGridColor":false,"mainGridDistortionNoiseScale":4.4130706787109379,"secondaryGridDistortionNoiseScale":66.01142883300781,"mainGridColorIntensity":3.3100123405456545,"secondaryGridColorIntensity":2.370950937271118,"mainGridTextureName":"wireframe-lines","secondaryGridTextureName":"grid-hex-256x205","scanlineTextureName":"scanline-ramp-64x256-even-wider"}