{"tiling":{"x":1.0,"y":28.95716094970703,"z":0.0,"w":0.0},"mainGridColor":{"r":0.10147759318351746,"g":2.241732358932495,"b":0.5719646215438843,"a":2.3524351119995119},"secondaryGridColor":{"r":0.13647881150245667,"g":4.6792731285095219,"b":1.735230565071106,"a":4.9717278480529789},"verticalScanTilingFactor":-2.0,"scanlineEffectOpacity":0.5,"scanlineSpeed":0.1883915662765503,"overallAlpha":0.9232707619667053,"mainGridRotationSpeed":0.0,"secondaryGridRotationSpeed":0.0,"secondaryGridXMoveFactor":0.699999988079071,"secondaryGridYMoveFactor":0.7400000095367432,"invertMainGridColor":false,"invertSecondaryGridColor":false,"mainGridDistortionNoiseScale":44.7283935546875,"secondaryGridDistortionNoiseScale":56.825782775878909,"mainGridColorIntensity":0.0,"secondaryGridColorIntensity":0.0,"mainGridTextureName":"wireframe-dot","secondaryGridTextureName":"wireframe-dot","scanlineTextureName":"scanline-ramp-64x256-even-wider"}