{"tiling":{"x":8.0,"y":1.0,"z":0.0,"w":0.0},"mainGridColor":{"r":0.24617990851402284,"g":2.2625105381011965,"b":2.778316020965576,"a":2.9893274307250978},"secondaryGridColor":{"r":2.106069564819336,"g":3.0033299922943117,"b":0.38632047176361086,"a":3.177797317504883},"verticalScanTilingFactor":-9.960000038146973,"scanlineEffectOpacity":0.6681497097015381,"scanlineSpeed":0.07000000029802323,"overallAlpha":0.5601084232330322,"mainGridRotationSpeed":0.0,"secondaryGridRotationSpeed":0.0,"secondaryGridXMoveFactor":0.5500948429107666,"secondaryGridYMoveFactor":3.5170669555664064,"invertMainGridColor":false,"invertSecondaryGridColor":false,"mainGridDistortionNoiseScale":74.87863159179688,"secondaryGridDistortionNoiseScale":71.14799499511719,"mainGridColorIntensity":0.0,"secondaryGridColorIntensity":0.0,"mainGridTextureName":"grid-hex-256x205","secondaryGridTextureName":"wireframe-lines","scanlineTextureName":"scanline-ramp-64x256"}