{"tiling":{"x":4.0,"y":32.0,"z":0.0,"w":0.0},"mainGridColor":{"r":2.2878739833831789,"g":1.8696894645690919,"b":0.615135908126831,"a":1.0},"secondaryGridColor":{"r":4.574851989746094,"g":3.0372462272644045,"b":0.474569708108902,"a":4.840610980987549},"verticalScanTilingFactor":23.280000686645509,"scanlineEffectOpacity":0.8500000238418579,"scanlineSpeed":2.0299999713897707,"overallAlpha":0.8999999761581421,"mainGridRotationSpeed":0.0,"secondaryGridRotationSpeed":0.0,"secondaryGridXMoveFactor":3.3399999141693117,"secondaryGridYMoveFactor":0.8999999761581421,"invertMainGridColor":false,"invertSecondaryGridColor":false,"mainGridUseSimpleNoise":false,"secondaryGridUseSimpleNoise":false,"mainGridDistortionNoiseScale":32.0,"secondaryGridDistortionNoiseScale":32.0,"mainGridColorIntensity":0.0,"secondaryGridColorIntensity":0.0,"mainGridTextureName":"grid-hex-256x205","secondaryGridTextureName":"wireframe-lines","scanlineTextureName":"scanline-ramp-64x256-even-wider"}