{"tiling":{"x":15.476917266845704,"y":15.476917266845704,"z":0.0,"w":0.0},"mainGridColor":{"r":2.091925859451294,"g":0.5658488273620606,"b":0.2314836084842682,"a":2.1862339973449709},"secondaryGridColor":{"r":0.4710993468761444,"g":3.873483657836914,"b":2.687011241912842,"a":4.4492716789245609},"verticalScanTilingFactor":-2.5091400146484377,"scanlineEffectOpacity":0.5348490476608276,"scanlineSpeed":0.3059644103050232,"overallAlpha":0.7680785059928894,"mainGridRotationSpeed":0.0,"secondaryGridRotationSpeed":0.0,"secondaryGridXMoveFactor":5.760634422302246,"secondaryGridYMoveFactor":4.700468063354492,"invertMainGridColor":true,"invertSecondaryGridColor":false,"mainGridDistortionNoiseScale":40.076332092285159,"secondaryGridDistortionNoiseScale":77.04915618896485,"mainGridColorIntensity":2.1862339973449709,"secondaryGridColorIntensity":4.4492716789245609,"mainGridTextureName":"wireframe-lines","secondaryGridTextureName":"wireframe-dot","scanlineTextureName":"scanline-ramp-64x256-wider"}