{"tiling":{"x":16.56910514831543,"y":16.56910514831543,"z":0.0,"w":0.0},"mainGridColor":{"r":2.1127612590789797,"g":2.294895887374878,"b":0.22766824066638947,"a":2.322216033935547},"secondaryGridColor":{"r":4.223386287689209,"g":2.8842639923095705,"b":0.1030094251036644,"a":4.37790060043335},"verticalScanTilingFactor":2.3145923614501955,"scanlineEffectOpacity":0.9800000190734863,"scanlineSpeed":0.47999998927116396,"overallAlpha":0.9724476933479309,"mainGridRotationSpeed":0.3589562773704529,"secondaryGridRotationSpeed":0.05159062147140503,"secondaryGridXMoveFactor":2.299999952316284,"secondaryGridYMoveFactor":0.0,"invertMainGridColor":false,"invertSecondaryGridColor":false,"mainGridDistortionNoiseScale":30.0,"secondaryGridDistortionNoiseScale":28.0,"mainGridColorIntensity":0.0,"secondaryGridColorIntensity":0.0,"mainGridTextureName":"grid-hex-256x205","secondaryGridTextureName":"grid-hex-256x205","scanlineTextureName":"scanline-ramp-64x256-even-wider"}