{"tiling":{"x":2.0,"y":7.3042497634887699,"z":0.0,"w":0.0},"mainGridColor":{"r":2.990149974822998,"g":1.3437516689300538,"b":0.42370548844337466,"a":3.0869970321655275},"secondaryGridColor":{"r":2.8777525424957277,"g":3.0895349979400636,"b":0.012457803823053837,"a":3.1767396926879885},"verticalScanTilingFactor":69.640380859375,"scanlineEffectOpacity":0.7247070670127869,"scanlineSpeed":7.476046562194824,"overallAlpha":0.7333377599716187,"mainGridRotationSpeed":0.0,"secondaryGridRotationSpeed":0.0,"secondaryGridXMoveFactor":1.0,"secondaryGridYMoveFactor":5.0,"invertMainGridColor":false,"invertSecondaryGridColor":false,"mainGridDistortionNoiseScale":84.72305297851563,"secondaryGridDistortionNoiseScale":48.610687255859378,"mainGridColorIntensity":0.0,"secondaryGridColorIntensity":0.0,"mainGridTextureName":"wireframe-lines","secondaryGridTextureName":"wireframe-lines","scanlineTextureName":"scanline-ramp-64x256-even-wider"}